Station code,water_bodies,Station name,District,DO (mg/L),pH,Conductivity (μs/cm),BOD (mg/L),Nitrate,Nitrite-N (mg/L),Fecal Coliform (MPN/100ml),Total Coliform (MPN/100ml),Faecal streptococci,Saprobity index,Diversity index,P/R Ratio,Turbidity (NTU),Phen-Alk. (mg/L),Total Alk. (mg/L),Chloride (mg/L),COD (mg/L),TKN (mg/L),Ammonia  (mg/L),Free Ammonia  (mg/L),Total Hardness as CaCO3(mg/L),Calcium Hardness as CaCo3(mg/L),Calcium as Ca+2(mg/L),Magnesium Hardness as CaCo3 (mg/L),Magnesium as Mg+2(mg/L),Sulphate (mg/L),Sodium (mg/L),TDS (mg/L),TFS (mg/L),TSS (mg/L),Total Phosphate (mg/L),Ortho Phosphate (mg/L),Boron (mg/L),Potassium (mg/L),Fluoride (mg/L),sodium %,SAR
2360,River Godavari,"River Godavari at Basara (V & M), Nirmal District",Nirmal,7.4,8.27,728,2.3,15,0.06,5.6,20,3.7,,,,3.2,20,130,125,24,22,BDL,0.01,280,200,80.1,80,19.43,72,25,480,336,5,,0.06,0.5,1.2,0.3,19.2,0.54
5105,River Godavari,"River Godavari Pushkar Ghat , Mancherial (V&M), Mancherial (D)",Mancherial,6.9,8.12,796,3,14,0.08,6.1,22,3.6,,,,4.5,16,140,139,34,21,BDL,0.01,270,155,62.07,115,27.93,60,26,496,345,9,,0.07,0.5,1,0.21,22.5,0.64
4255,River Godavari,"River Godavari- Ali sagar Reservior Ali Sagar, Thanakalan (V), Yedapally (M), Nizamabad (D)",Nizamabad,6,8.24,698,2.6,9,0.07,4.5,26,Less than 1.8,,,,3.2,20,140,115,32,16,BDL,0.01,220,130,52.06,90,22,30,19,428,285,6,,0.1,0.5,3.1,0.24,19.5,0.5
4227,River Godavari,"River Godavari- Pochera Water Falls, Pochera (V), Boath (M), Adilabad (D)",Adilabad,7.6,7.91,792,3.8,16,0.11,6.1,22,1.8,,,,4.5,16,170,110,42,32,BDL,0.01,285,160,64,125,30.35,60,18,475,338,8,,0.31,0.5,3.5,0.3,15.5,0.43
2361,River Godavari,"River Godavari-River Godavari at mancherial, Near Rail Way Bridge B/C of Rallavagu, Mancherial (D)",Mancherial,5.4,7.23,601,2.4,2.2,,Less than 1.8,43,Less than 1.8,,,,4,5,145,68,28,1.5,0.4,0.0,160,85,34,75,18.22,38,,366,,6,0.2,,0.5,,0.58,,
13,River Godavari,"River Godavari at Mancherial (V&M), Mancherial(D)",Mancherial,5.2,7.58,604,2.2,2.1,,Less than 1.8,41,Less than 1.8,,,,3.3,5,150,68,26,1.5,0.4,0.01,170,65,26,105,25.52,44,,370,,8,0.2,,0.5,,0.59,,
3054,River Godavari,"River Godavari - Outlet of ash pond effluents of M/s.NTPC, Ramagundam",Peddapalli,4.8,9.72,599,3.2,2,,Less than 1.8,26,Less than 1.8,,,,2.6,30,125,108,67,4.2,0.4,0.3,140,75,30,65,15.79,64,,372,,5,0.32,,0.5,,0.82,,
2362,River Godavari,"River Godavari-D/s at Ramagundam near FCI intake well, Peddapalli",Peddapalli,5.2,7.52,597,2.6,1.9,,Less than 1.8,43,Less than 1.8,,,,3.3,5,120,84,32,1.5,0.4,0.01,135,80,32,55,13.37,54,,364,,9,0.2,,0.5,,0.56,,
2363,River Godavari,"River Godavari at Godavarikhani near bathing ghat , Peddapalli",Peddapalli,5.2,7.54,595,2.2,2.2,,Less than 1.8,34,Less than 1.8,,,,6.2,5,115,76,24,1.5,0.4,0.01,130,75,30,55,13.37,52,,358,,11,0.2,,0.5,,0.52,,
2364,River Godavari,"River Godavari at Ramagundam upstream near dam, Peddapalli",Peddapalli,5.2,7.78,610,2.6,2.4,,Less than 1.8,58,Less than 1.8,,,,3.4,5,130,74,36,1.5,0.4,0.01,145,85,34,60,14.58,46,,378,,8,0.2,,0.5,,0.68,,
2356,River Godavari,"River Godavari D/s of Ramagundam at Manthani, Peddapalli",Peddapalli,5.4,7.96,562,2,2,,Less than 1.8,31,Less than 1.8,,,,2.4,5,120,72,24,1.5,0.4,0.02,135,80,32,55,13.37,44,,348,,6,0.2,,0.5,,0.65,,
4662,River Godavari,"River Godavari at Kaleshwaram, 500 mts. before bathing ghat, Kaleshwaram (V), Mahadevpur (M),Jayashankar Bhupalapally",Jayashankar Bhoopalpalli,5.6,8.13,1128,2,4.6,,Less than 1.8,32,Less than 1.8,,,,2.2,5,270,120,16,1.5,0.4,0.03,285,180,72,105,25.52,72,,688,,4,0.56,,0.5,,0.62,,
2365,River Godavari,"River Godavari - U/s at Kamalapur ,at M/s.AP Rayons Ltd., intake well , Kamalapur (V), Mangapet (M), Mulugu (D)",Mulugu,5.4,7.61,443,2,2.4,,Less than 1.8,34,Less than 1.8,,,,2.6,5,90,56,16,1.5,0.4,0.01,95,45,18,50,12.15,36,,274,,6,0.2,,0.5,,0.51,,
2366,River Godavari,"River Godavari - D/s at Kamalapur ,at M/s.AP Rayons Ltd., Discharge point , Mangapet (V&M), Mulugu (D)",Mulugu,5.4,7.85,351,2.2,2.7,,Less than 1.8,32,Less than 1.8,,,,2.6,5,80,42,24,1.5,0.4,0.02,85,45,18,40,9.72,26,,210,,7,0.2,,0.5,,0.48,,
2367,River Godavari,"River Godavari - U/s at Bhadrachalam bathing ghat, Bhadradri Kothagudem",Bhadradri Kothagudem ,5,7.28,762,2.5,2.4,,Less than 1.8,47,Less than 1.8,,,,4.2,5,165,96,27,2.8,0.48,0.01,190,110,44,80,19.44,58,,472,,16,0.42,,0.5,,0.58,,
2368,River Godavari,"River Godavari - D/s at Bhadrachalam bathing ghat , Bhadradri kothagudem",Bhadradri Kothagudem ,5.1,7.01,369,2.1,1.4,,Less than 1.8,38,Less than 1.8,,,,3.4,5,75,48,23,1.5,0.4,0.0,80,45,18,35,8.5,32,,232,,12,0.2,,0.5,,0.54,,
2369,River Godavari,"River Godavari at Burgampahad , Bhadradri Kothagudem",Bhadradri Kothagudem ,4.8,7.1,441,3.2,1.2,,Less than 1.8,27,Less than 1.8,,,,3.2,5,90,54,35,1.5,0.4,0.0,105,55,22,50,12.15,38,,268,,9,0.2,,0.5,,0.46,,
4256,River Maneru / Manair,"River Maneru (tributary of Godavari) - Lower Dam,Maneru, Karimnagar",Karimnagar,5.1,8.1,436,2.6,1.8,,Less than 1.8,43,Less than 1.8,,,,3.6,5,90,56,27,1.5,0.4,0.03,100,50,20,50,12.15,34,,274,,7,0.2,,0.5,,0.59,,
4257,River Maneru / Manair,"River Maneru (tributary of Godavari) - at D/S of municipal dump site, Karimnagar",Karimnagar,4,7.85,1693,3.2,4.6,,14,140,2,,,,2.8,5,320,274,32,7,1.48,0.06,405,220,88,185,44.95,168,,1048,,8,1.89,,0.66,,1.09,,
4664,River Maneru / Manair,"River Maneru (tributary of Godavari) - at Ghattepalli (V) near Sulthanabad, Karimnagar",Karimnagar,DRIED UP,,,,,,,,,,,,,,,,,,,,,,,,,,,,,,,,,,,,
4665,River Maneru / Manair,"River Maneru (tributary of Godavari) - Outlet of KTPP Ash pond joining to morancha vagu, Chelpur (V), Ghanpur (Mulugu) (M), , Jayashankar bhupalapalli District",Bhadradri Kothagudem ,4.8,7.69,704,2.2,2.8,,Less than 1.8,31,Less than 1.8,,,,3.2,5,150,86,24,1.5,0.4,0.01,176,110,44,66,16.04,50,,430,,7,0.26,,0.5,,0.58,,
1158,River Maneru / Manair,"River Maneru (tributary of Godavari) - at Somanpally , Peddapalli",Peddapalli,5.4,7.33,494,2,1.7,,Less than 1.8,48,Less than 1.8,,,,3.2,5,85,44,20,1.5,0.4,0.01,102,60,24,42,10.21,104,,306,,6,0.2,,0.5,,0.59,,
4258,River Manjeera,"River Manjeera (tributary of Godavari) - Singoor Dam Reservoir,Singure (V), Pulkal (M), Sangareddy District",Sangareddy,8.2,7.99,592,3,9,0.04,3.4,20,Less than 1.8,,,,4.1,28,150,77,36,16,BDL,0.01,185,130,52.06,55,13,24,14,380,240,7,,0.06,0.5,3.1,0.31,16.1,0.37
1157,River Manjeera,"River Manjeera (tributary of Godavari) - at Raipally, Sangareedy",Sangareddy,6.8,8.12,645,2.1,10,0.03,4,33,3.7,,,,3.3,16,130,86,22,15,BDL,0.01,220,130,52,90,22,46,12,419,260,5,,0.07,0.5,3,0.35,13.29,0.32
1781,River Manjeera,"River Manjeera (tributary of Godavari) - at Ganapathi sugars, Sangareddy",Sangareddy,6.5,7.81,670,2,9,0.04,8.1,41,4,,,,3.5,24,140,91,24,15,BDL,0.01,225,140,56.07,85,21,52,17,425,290,8,,0.12,0.5,2,0.32,17.4,0.44
2374,River Manjeera,"River Manjeera (tributary of Godavari) - U/s of River Manjeera at Gowdicherla before confluence with Nakkavagu, Sangaredy",Sangareddy,6.8,7.86,1020,2.9,13,0.05,7.8,34,6,,,,4,32,175,158,28,22,BDL,0.01,380,225,90,155,38,90,20,668,430,7,,0.14,0.5,4,0.31,13.0,0.4
2375,River Manjeera,"River Manjeera (tributary of Godavari) - D/s of River Manjeera at Gowdicherla atfter confluence with Nakkavagu, Sangareddy",Sangareddy,6.9,7.35,1489,3.6,18,0.15,6.8,40,4.5,,,,3.5,16,255,201,40,32,BDL,0.01,500,260,104.12,240,58,95,35,972,653,8,,0.07,0.5,3,0.82,18.02,0.66
2349,River Manjeera,"River Manjeera (tributary of Godavari) - Nakka vagu at Bachugudem, Sangareedy",Sangareddy,4.6,6.8,1402,4.8,23,0.12,8.1,94,6.8,,,,5,36,205,168,52,38,BDL,0.01,370,200,80.1,170,41,99,45,860,594,9,,0.11,0.5,3.2,0.12,27.07,0.96
4226,River Manjeera,"River Manjeera (tributary of Godavari) - River Manjeera at Yedu Payala Temple, Nagsampalli (V), Papannapet (M), Medak District",Medak,7,8.34,909,2.4,13,0.15,4,84,1.8,,,,3.2,20,165,91,28,20,BDL,0.01,240,150,60.07,90,22,58,20,540,346,5,,0.14,0.5,2,0.4,18.9,0.5
2372,River Kinneresani,"River Kinnerasani (tributrary of Godavari) - Kinnerasani after confluence of KTPS ash pond effluents ,Bhadradri Kothagudem",Bhadradri Kothagudem ,5.2,7.67,519,2.8,1.7,,Less than 1.8,27,Less than 1.8,,,,4.4,5,110,68,31,1.5,0.4,0.01,120,80,32,40,9.72,38,,322,,12,0.2,,0.5,,0.52,,
3080,River Kinneresani,"River Kinnerasani (tributrary of Godavari) - U/s of Karakavagu at Paloncha , Bhadradri Kothagudem",Bhadradri Kothagudem ,5.2,7.5,835,2.2,2.4,,Less than 1.8,34,Less than 1.8,,,,8.8,5,190,98,20,1.5,0.4,0.01,210,195,78,15,3.65,56,,510,,15,0.2,,0.5,,0.43,,
3081,River Kinneresani,"River Kinnerasani (tributrary of Godavari) - D/s of Karakavagu at Paloncha, Bhadradri Kothagudem",Bhadradri Kothagudem ,4.8,8.04,553,2.4,1.98,,Less than 1.8,22,Less than 1.8,,,,4,5,115,68,27,1.5,0.4,0.03,125,75,30,50,12.15,42,,342,,10,0.2,,0.5,,0.49,,
1784,River Krishna ,"River Krishna at Thangadi, Thangadi(V), Krishna(M), Narayanapet(D)",Mahaboobnagar,5.4,8.12,1115,2.2,3.1,,Less than 1.8,58,Less than 1.8,N.A,N.A,N.A,10.8,5,265,167,20,4.2,0.96,0.08,290,155,62,135,32.8,104,,692,,16,0.89,,0.5,,0.64,,
0039,River Krishna ,"River Krishna at Gadwal bridge,Nadhi Agraharam, Gadwal(Munci.), Jogulamba Gadwal(D)",Mahaboobnagar,5.4,8.09,1132,2.4,3.6,,Less than 1.8,63,Less than 1.8,N.A,N.A,N.A,9.6,5,260,149,26,1.5,0.4,0.03,275,160,64,115,27.95,88,,690,,12,0.94,,0.5,,0.65,,
4225,River Krishna ,"River Krishna at Jogulamba Temple, Alampur(V&M), Jogulamba Gadwal(D)",Jogulamba Gadwal,4.4,7.82,1655,3.2,3.8,,Less than 1.8,40,Less than 1.8,N.A,N.A,N.A,8.2,5,405,250,35,4.2,0.58,0.03,420,235,94,185,44.95,152,,992,,10,0.85,,0.5,,0.58,,
4259,River Krishna ,"River Krishna - Nagarjuna Sagar Dam Spill way, Nagarjuna Sagar (V), Peddavoora (M),Nalgonda",Nalgonda,6.2,8.25,752,2.4,15,0.13,4.1,24,3.6,,,,3,24,190,96,28,22,BDL,0.01,280,180,72.09,100,24,76,20,502,320,6,,0.16,0.5,3,0.32,16.3,0.45
4252,River Krishna ,"River Krishna - Udaya Samudram balancing Reservoir, Nalgonda",Nalgonda,6.4,8.14,741,2.6,10,0.12,7.8,40,4,,,,3.4,12,160,115,30,18,BDL,0.01,250,130,52.06,120,29,54,28,458,296,5,,0.15,0.5,2,0.33,25.8,0.74
1465,River Krishna ,"River Krishna - Confluence of River Krishna & River Musi at Wadapally (V), Damarcharla (M), Nalgonda District",Nalgonda,6.3,8.17,1010,3.3,16,0.21,9.1,31,5.5,,,,3.8,20,210,120,36,25,BDL,0.01,310,220,84,100,24,78,26,570,408,6,,0.07,0.5,3,0.43,18.25,0.54
4663,River Krishna ,"River Krishna at Mattepally, 500 mts. before bathing ghat, Suryapet",Suryapet,6.5,8.14,875,3.5,18,0.17,6.1,40,4,,,,3.5,16,180,86,38,32,BDL,0.01,265,175,70.08,90,22,75,20,495,330,6,,0.08,0.5,2,0.4,17.1,0.46
4250,River Krishna ,"River Krishna - Palair Reservoir, Palair(V), Kusumanchi(M),Khammam(D)",Khammam,5,8.21,540,2.6,2.6,,Less than 1.8,34,Less than 1.8,,,,2.4,10,105,74,27,1.5,0.4,0.04,120,65,26,55,13.37,52,,330,,10,0.24,,0.5,,0.57,,
4251,River Krishna ,"River Krishna - D/s of Munneru River, Prakash Nagar, Khammam",Khammam,4.6,7.29,672,3.2,2.7,,Less than 1.8,43,Less than 1.8,,,,2.2,5,140,84,35,1.5,0.4,0.01,155,80,32,75,18.22,52,,416,,9,0.38,,0.5,,0.63,,
5108,River Krishna ,"River Krishna before confluence of River Musi at Wadapally (V), Damaracharla (M), Nalgonda (D)",Nalgonda,7.2,8.31,1178,3,16,0.11,6,38,4.5,,,,3.1,20,210,134,26,25,BDL,0.01,350,225,90,125,30,106,35,640,440,5,,0.06,0.5,3,0.21,21.62,0.71
5109,River Krishna ,"River Krishna after confluence of River Musi at Wadapally (V), Damaracharla (M), Nalgonda(D)",Nalgonda,6.1,7.99,1213,2.8,18,0.16,5.5,38,3.7,,,,3.9,16,180,120,30,28,BDL,0.01,285,160,64,125,30,74,31,680,490,7,,0.07,0.5,3.4,0.72,24.2,0.74
5110,River Krishna ,"River Krishna at Pulichintala Reservoir at Chinthalapalem (V&M), Suryapet (D)",Suryapet,6.6,7.89,862,2.2,10,0.17,4.1,39,1.8,,,,3,20,180,105,28,19,BDL,0.01,250,150,60,100,24,65,27,540,350,5,,0.1,0.5,3.2,0.32,23.3,0.66
4253,River Musi,"River Musi at Bapughat Sangam, Hyderabad",Hyderabad,0.3,7.18,1516,12,4.2,,11,540,6,,,,12.8,5,350,172,122,8.4,2.84,0.03,366,180,72,186,45.2,106,,920,,33,2.78,,0.62,,0.89,,
4656,River Musi,"River Musi at Moosarambagh bridge, Hyderabad",Medchal Malkajgiri,0.3,7.62,1440,14,4.6,,17,540,3.6,N.A,N.A,N.A,10.3,5,340,206,129,8.4,2.16,0.06,350,185,74,165,40.09,127,,878,,27,2.92,,0.6,,1.02,,
2339,River Musi,"River Musi at Nagole, Ranga Reddy",Shamshabad,0.3,7.2,1429,15,4.8,,14,540,4,,,,12.4,5,320,184,157,9.8,3.02,0.03,345,180,72,165,40.09,112,,856,,24,2.67,,0.5,,1.03,,
4659,River Musi,"River Musi - Outlet of Nalla Cheruvu, Peerajadiguda, Rangareddy",Yadadri Bhuvanagiri,0.3,7.31,1629,9,5.3,,24,920,16,,,,20.8,5,380,201,86,12.6,4.82,0.06,406,210,84,196,47.63,118,,992,,42,3.12,,0.61,,0.95,,
4660,River Musi,"River Musi at Peerajadiguda, Ranga Reddy",Suryapet,0.3,7.32,1484,6,4.9,,20,540,4,,,,18.6,5,365,174,59,11.2,1.8,0.02,380,195,78,185,44.95,104,,920,,38,2.75,,0.62,,1.06,,
1173,River Musi,"River Musi - D/s at Pratapasingaram , Shamshabad",Rangareddy,0.3,7.12,1488,8,4.2,,14,540,6,,,,17.2,5,380,176,82,7,1.28,0.01,375,180,72,195,47.38,108,,936,,40,2.48,,0.5,,0.86,,
4657,River Musi,"River Musi at Pillaipalli, Rangareddy",Rangareddy-I,1.6,7.3,1495,5.2,4,,15,430,3.7,,,,16.8,5,380,203,51,7,1.62,0.02,394,185,74,209,50.79,123,,896,,44,2.31,,0.66,,0.89,,
4254,River Musi,"River Musi at Rudravelly bridge,Yadadri",Yadadri Bhuvanagiri,6,7.44,1500,3.5,24,0.16,8.1,84,5.5,,,,5.8,52,420,182,46,45,BDL,0.01,505,285,114.14,220,53.42,117,48,975,600,12,,0.14,0.5,4,0.1,21.98,0.86
4658,River Musi,"River Musi at Valigonda bridge, Nalgonda dist",Yadadri Bhuvanagiri,6.5,7.89,1578,4,23,0.15,9.1,94,6,,,,6.3,28,260,192,48,40,BDL,0.01,495,310,124.15,185,44.92,108,35,960,630,14,,0.15,0.5,8,0.14,15.94,0.6
3082,River Musi,"River Musi at Solipet (Kasaniguda), Nalgonda",Suryapet,6.9,7.73,1429,4.3,19,0.07,7.8,58,4.5,,,,6.5,40,265,196,46,32,BDL,0.01,430,250,100.12,180,43.71,92,30,845,570,11,,0.1,0.5,3,0.1,16.99,0.58
5106,River Musi,"River Musi at Bheemaram Bridge, Bheemaram (V), Kethepally (M), Nalgonda (D)",Nalgonda,6.9,8.31,1203,3,20,0.22,5.5,38,3.6,,,,3.5,32,235,220,34,35,BDL,0.01,410,215,86.1,195,47.35,92,43,745,450,9,,0.07,0.5,4,0.16,24.3,0.88
5107,River Musi,"River Musi before confluence of River Krishna at Wadapally (V), Damaracharla (M), Nalgonda(D)",Nalgonda,6.5,8.22,1181,2.8,10,0.11,6.8,40,6,,,,3.6,28,190,182,30,22,BDL,0.01,345,205,82,140,34.0,68,34,702,522,5,,0.09,0.5,3,0.38,22.1,0.72
1172,Lakes  & Tanks,"Osmansagar Reservior (U/s of Musi at Gandipet), Gandipet (V&M), Rangareddy Dist",Shamshabad,4.9,7.93,487,2.5,2,,25,Less than 1.8,Less than 1.8,,,,2,5,105,62,27,1.5,0.4,0.02,115,65,26,50,12.15,36,,292,,5,0.2,,0.5,,0.52,,
1215,Lakes  & Tanks,"Thummala cheruvu, Nasampet (V&M), Warangal",Warangal Rural,4.8,7.75,318,2.6,1.6,,Less than 1.8,24,Less than 1.8,,,,4.6,5,75,38,27,1.5,0.4,0.02,80,40,16,40,9.72,24,,186,,11,0.22,,0.5,,0.53,,
1780,Lakes  & Tanks,"Gandigudem Tank, Gandigudem(V),Ameenpur(M), Sangareddy(D)",Sangareddy,6.8,8.04,1782,6.5,32,0.12,5.5,79,3.7,,,,9.2,40,255,263,68,65,BDL,0.01,415,290,116,125,30,70,92,1106,720,14,,0.12,0.5,2,BDL,37.27,1.65
2358,Lakes  & Tanks,"Mallapur Tank , Medchal Malkajgiri",Medchal Malkajgiri,Dreid up,,,,,,,,,,,,,,,,,,,,,,,,,,,,,,,,,,,,
2347,Lakes  & Tanks,"Asani Kunta,Bollaram(V),Jinnaram(M), Sangareddy(D)",Sangareddy,NIL,7.57,3910,44,38,0.22,9.1,140,5.5,,,,42,52,580,1104,488,62,BDL,0.01,1540,760,304,780,190,88,206,2690,1620,84,,0.21,0.4,20,0.5,29.2,2.24
1783,Lakes  & Tanks,"Kistareddypet Tank, Kistareddypet(V),Ameenpur(M),Sangareddy(D)",Sangareddy,5.8,7.58,1400,7,25,0.15,11,32,6.1,,,,8,36,280,220,76,48,BDL,0.01,525,310,124,215,52,90,36,902,640,16,,0.18,0.5,5,0.28,16.46,0.62
2348,Lakes  & Tanks,"Khazipally Tank,Khazipally(V), Jinnaram(M), Sangareddy(D) Sangareddy",Sangareddy,6.8,6.29,1750,12,43,0.12,3.1,11,Less than 1.8,,,,11,36,290,268,128,65,BDL,0.01,450,250,100,200,49,88,75,1150,784,20,,0.21,0.5,10,0.16,31.51,1.4
4243,Lakes  & Tanks,"Isnapur Tank,Pashamylaram(V), Patancheru (M), Sangareddy District",Sangareddy,6.8,7.42,3010,8,38,0.17,8.3,84,4,,,,10.2,20,290,431,88,68,BDL,0.01,665,400,160,265,64,82,70,1680,1175,21,,0.21,0.5,10,BDL,22.52,1.05
4302,Lakes  & Tanks,"Rudraram Tank, Rudraram (V), Patancheru (M), Sangareddy District",Sangareddy,7.2,6.88,2043,9,25,0.17,7.8,43,4,,,,10,52,330,283,94,52,BDL,0.01,620,325,130,295,72,96,50,1220,800,25,,0.17,0.5,6,0.29,19.74,0.84
4240,Lakes  & Tanks,"Muthangi Tank (V), Patancheru (M),Sangareddy district",Sangareddy,7.6,7.14,1202,5,24,0.21,7.8,40,3.6,,,,6.9,36,210,196,52,42,BDL,0.01,370,215,86,155,38,94,59,790,542,14,,0.18,0.5,11,0.14,29.3,1.18
4241,Lakes  & Tanks,"Chitkul Tank,Chitkul (V), Patancheru (M), Sangareddy District",Sangareddy,6,7.64,1656,4.5,29,0.22,6.9,63,4,,,,5.6,32,260,268,48,66,BDL,0.01,535,285,114,250,61,90,55,990,650,15,,0.16,0.5,10,0.2,22.81,0.97
4242,Lakes  & Tanks,"Lakadaram Cheruvu, Lakdaram (V), Patancheru (M),Sangareddy District.",Sangareddy,7.2,7.92,1658,5.9,24,0.23,8.1,34,6.1,,,,7,28,200,249,60,50,BDL,0.01,385,255,102,130,31,74,69,998,660,19,,0.09,0.5,6,0.36,31.94,1.3
4246,Lakes  & Tanks,"Pashamylaram Tank, Sangareddy",Sangareddy,RO-Sangareddy-I informed that Pashamylaram & Isnapur tanks both are same but called by different names.,,,,,,,,,,,,,,,,,,,,,,,,,,,,,,,,,,,,
1789,Lakes  & Tanks,"Himayathsagar lake, Shamshabad",RR-shamshabad,5.2,8.28,584,3.2,2.2,,Less than 1.8,38,Less than 1.8,,,,2,5,140,74,39,1.5,0.4,0.04,166,80,32,86,20.9,44,,352,,6,0.2,,0.5,,0.58,,
3069,Lakes  & Tanks,"Shameerpet Tank, Shameerpet(V&M), Medchal- malkajigiri(D)",Medchal Malkajgiri,4.6,8.34,650,3,2.4,,Less than 1.8,34,Less than 1.8,,,,4,5,125,105,27,2.8,0.72,0.04,160,90,36,70,17.01,65,,384,,5,0.32,,0.5,,0.64,,
3078,Lakes  & Tanks,"Pragathinagar cheruvu,Pragathinagar(V), Kukatpally, Medchal-malkajigiri(D)",Medchal Malkajgiri,0.3,7.11,1076,10,3.6,,24,430,8.2,,,,2.2,5,240,135,104,9.8,3.08,0.09,262,195,78,67,16.28,83,,656,,6,2.26,,0.5,,0.87,,
2340,Lakes  & Tanks,"Lakshminarayana cheruvu at Edulabad, Ghatkesar, Medchal District",Medchal Malkajgiri,2.4,8.01,1613,5,3.8,,24,430,3.7,,,,8.3,5,360,242,68,8.4,1.78,0.01,380,190,76,190,46.17,142,,1002,,14,2.15,,0.5,,0.95,,
1788,Lakes  & Tanks,"Large Tank, Saroornagar (V & M), Rangareddy District",RR-shamshabad,0.3,7.14,1406,14,3,,47,540,17,,,,10,5,325,152,143,9.8,2.28,0.02,350,175,70,175,42.52,94,,886,,22,2.86,,0.5,,0.89,,
4234,Lakes  & Tanks,"Umda sagar lake,Jalpally(V), Saroornagar(M), Shamshabad",RR-shamshabad,0.3,7.74,1335,12,3.6,,24,540,7.8,,,,16,5,330,186,116,8.4,1.82,0.06,355,185,74,170,41.31,112,,828,,20,2.36,,0.58,,0.94,,
1464,Lakes  & Tanks,"Pedda Cheruvu, Bibinagar (V&M),Yadadri bhuvanagiri (D)",Yadadri Bhuvanagiri,6,7.98,1139,4.5,23,0.16,4,49,3.6,,,,6,28,230,182,50,46,BDL,0.01,370,235,94,135,33.03,88,48,760,490,15,,0.13,0.5,4,0.12,26.2,0.95
3068,Lakes  & Tanks,"Ramappa lake, Palampet (V), Venkatapuram (M), Mulugu District.",Mulugu,5.2,7.05,235,1.4,1.2,,Less than 1.8,38,Less than 1.8,,,,3.1,5,50,32,12,20,1.5,0.01,55,30,12,25,6.08,21,,144,,7,0.2,,0.5,,0.55,,
1447,Lakes  & Tanks,"Dharmasagar Tank, Dharmasagar(V&M), Hanumakonda District",Warangal,5.2,7.5,540,1.9,2.8,,Less than 1.8,84,Less than 1.8,,,,2,5,115,65,20,1.5,0.4,0.01,128,70,28,58,14.09,42,,324,,4,0.52,,0.5,,0.53,,
2346,Lakes  & Tanks,"Bhadrakali Cheruvu, Near Bhadrakali Temple, Hanumakonda",Warangal Urban,5,8.2,928,2.8,2.96,,1.8,170,Less than 1.8,,,,8,10,230,148,32,5.6,0.74,0.07,248,130,52,118,28.67,68,,576,,10,0.2,,0.5,,0.58,,
3084,Lakes  & Tanks,"Wadepalli Cheruvu, Wadepally (V), Hanamkonda (M&D)",Warangal Urban,5,7.77,553,2.6,3.2,,Less than 1.8,170,Less than 1.8,,,,3.2,5,125,76,27,1.5,0.4,0.01,140,75,30,65,15.79,44,,338,,12,0.28,,0.5,,0.51,,
3085,Lakes  & Tanks,"Chinna Wadepalli Cheruvu, Enumamula(V), Warangal(M&D)",Warangal Urban,0.3,7.82,1156,15,4.4,,27,540,6,,,,12,5,260,174,147,8.4,2.04,0.09,280,185,74,95,23.09,108,,728,,20,2.64,,0.5,,1.04,,
2343,Lakes  & Tanks,"Premajipet Tank , Shamshabad",RR-shamshabad,Preamjipet Tank -2343 Sample was same as Mulaguard Lake Sample -5122,,,,,,,,,,,,,,,,,,,,,,,,,,,,,,,,,,,,
2345,Lakes  & Tanks,"Sai Cheruvu, Deshaipet(V), Warangal (M&D)",Warangal Urban,0.3,7.86,3540,14,9.2,,6,540,2,,,,4.2,5,650,612,191,11.2,1.52,0.01,890,440,176,450,109.35,385,,2194,,16,0.46,,0.5,,0.92,,
4222,Lakes  & Tanks,"Kondagattu temple- Koneru, Jagitiyal",Jagityal,4.2,6.6,677,3.2,2.3,,Less than 1.8,49,Less than 1.8,,,,2.4,5,135,108,36,1.5,0.4,0.0,150,75,30,75,18.22,68,,412,,7,0.2,,0.5,,0.63,,
4223,Lakes  & Tanks,"Vemulawada temple - Koneru, Vemulawada (V & M) Karimnagar",Siricilla,4.6,7.87,546,3,2.1,,Less than 1.8,39,Less than 1.8,,,,1.8,5,100,78,44,1.5,0.4,0.02,120,65,26,55,13.37,48,,334,,5,0.42,,0.5,,0.75,,
4228,Lakes  & Tanks,"Pedda cheruvu/Ibrahim cheruvu, Ibrahimbagh, Rajendranagar(M), Rangareddy District",RR-shamshabad,Dried up,,,,,,,,,,,,,,,,,,,,,,,,,,,,,,,,,,,,
4230,Lakes  & Tanks,"Kistaipally Cheruvu, Kistaipally (V), Jinnaram(M), Sangareddy District",Sangareddy,7.6,7.5,3490,10,35,0.22,5.6,79,4,,,,10,20,345,666,98,68,BDL,0.01,1025,575,230,450,109,118,126,2280,1362,16,,0.15,0.5,6,BDL,27.03,1.6
4231,Lakes  & Tanks,"Rayam Cheruvu, Bonthapally (V), Gummadidala (M), Sangareddy District",Sangareddy,7.2,7.86,1360,6,16,0.21,4,58,3.6,,,,6.3,24,280,192,62,25,BDL,0.01,395,220,88,175,43,82,49,900,536,14,,0.18,0.5,3,0.1,27.04,1.0
4232,Lakes  & Tanks,"Komati Cheruvu, Siddipet Town, Siddipet District.",Siddipet,8,7.49,799,3.2,14,0.14,2.1,34,1.8,,,,4,16,200,91,38,30,BDL,0.01,250,150,60,100,24,64,28,530,310,9,,0.14,0.5,2,0.11,24.36,0.69
4235,Lakes  & Tanks,"Kamuni Cheruvu, Shamshabad (V&M), Rangareddy District",RR-shamshabad,0.3,7.68,1098,13,3.2,,27,430,3.7,,,,12,5,255,168,123,9.8,1.82,0.05,266,140,56,126,30.62,96,,680,,28,2.66,,0.5,,0.95,,
4233,Lakes  & Tanks,"Gaddapotharam cheruvu, Gaddapotharam (V), Jinnaram (M), Sangareddy District",Sangareddy,8,6.59,3070,10,52,0.23,6.1,63,5.6,,,,14,24,425,661,108,84,BDL,0.01,785,455,182,330,80,98,160,2010,1200,18,,0.18,0.12,30,0.27,33.77,2.16
4238,Lakes  & Tanks,"Ameenpur Cheruvu, Ameenpur (V & M), Sangareddy District",Sangareddy,7.5,7.8,1233,6.3,36,0.2,5.6,58,4.5,,,,9,24,140,158,72,54,BDL,0.01,335,230,92,105,26,84,27,750,490,16,,0.22,0.5,14,0.2,15.43,0.52
4239,Lakes  & Tanks,"Mahaboobsagar Tank, Sangareddy(V&M), Sangareddy District",Sangareddy,5.9,7.82,972,3.9,18,0.18,4,79,3.6,,,,4.9,36,205,105,48,38,BDL,0.01,270,140,56,130,31,55,20,625,400,6,,0.14,0.5,3,0.23,18.45,0.51
4244,Lakes  & Tanks,"Erdhanoor Tank, Erdhanoor (V), Patancheru (M), Sangareddy District",Sangareddy,7.1,7.61,1642,4.8,28,0.16,3.6,41,2,,,,4.4,16,270,307,52,40,BDL,0.01,590,325,130,265,64,88,28,1100,668,8,,0.1,0.5,8,0.18,12.15,0.47
4245,Lakes  & Tanks,"Mallepally Tank, Mallepally (V), Kondapur (M), Sangareddy District",Sangareddy,6.7,7.92,2153,4.5,19,0.09,2,26,1.8,,,,4.2,40,435,220,48,32,BDL,0.01,565,325,130,240,58,97,56,1220,850,6,,0.17,0.5,3,0.4,22.85,0.95
4247,Lakes  & Tanks,"Mucharla Nagaram cheruvu, Nagaram (V), Hasanparthy (M), Hanumakonda , Warangal",Warangal Urban,3.3,7.67,639,3,3.8,,6.8,350,3.6,,,,3.2,5,135,78,47,4.2,0.84,0.02,150,80,32,70,17.01,48,,396,,10,0.34,,0.62,,0.42,,
4248,Lakes  & Tanks,"Koti Cheruvu, Mulugu Road, Warangal, Warangal District",Warangal Urban,1.4,8.16,1102,5,3.2,,6,430,2,,,,7.6,5,260,147,52,7,0.84,0.08,284,180,72,104,25.27,90,,694,,14,0.38,,0.5,,0.72,,
4229,Lakes  & Tanks,"Neknampur Lake, Neknampur, Ibrahimbagh, Rajendranagar (M),Rangareddy District",RR-shamshabad,0.3,6.95,1847,10,5.2,,21,540,8.1,,,,23.4,5,355,245,118,7,1.68,0.01,460,240,96,220,53.46,154,,1146,,92,2.18,,0.5,,0.99,,
4249,Lakes  & Tanks,"Rangasamudram, Ursu (V), Khila Warangal (M), Warangal District",Warangal Urban,4,8.28,533,3.4,3.3,,9.3,350,1.8,,,,5.8,10,120,78,32,4.2,1.12,0.11,132,75,30,57,13.85,46,,330,,14,0.45,,0.5,,0.49,,
4661,Lakes  & Tanks,"Peddakanjarla Tank, Peddakanjarla (V), Patancheru (M), Sangareddy District.",Sangareddy,7,7.48,398,3.8,10,0.06,Less than 1.8,15,Less than 1.8,,,,4,16,100,48,42,19,BDL,0.01,130,85,34,45,11,25,8,260,160,5,,BDL,0.5,2,0.21,13.94,0.26
4666,Lakes  & Tanks,"Ismailkhanpet Tank, Ismailkhanpet (V), Sangareddy (M & District)",Sangareddy,7,8.22,899,5,17,0.05,2,24,1.8,,,,3.8,20,170,96,56,25,BDL,0.01,255,180,72,75,18,34,10,494,352,6,,BDl,0.5,3,0.46,9.16,0.23
4670,Lakes  & Tanks,"Bairamalguda Cheruvu, Saroornagar, Rangareddy District",Rangareddy,0.3,7.04,1496,14,3.2,,26,430,8.2,,,,11,5,330,172,177,7,1.86,0.01,360,200,80,160,38.88,96,,928,,28,2.44,,0.5,,0.86,,
4675,Lakes  & Tanks,"Lotus pond, Hakimpet (V), Shaik pet (M), Hyderabad (D)",Hyderabad,0.3,7.66,785,6,3.2,,10,430,14,,,,13,5,175,98,74,5.6,1.48,0.04,185,110,44,75,18.22,56,,478,,14,1.66,,0.5,,0.75,,
4680,Lakes  & Tanks,"Laknavaram Cheruvu, Laknavaram, (V), Govindarao peta (M), Mulugu District.",Mulugu,5.6,7.55,150,1.2,0.96,,Less than 1.8,17,Less than 1.8,,,,4,5,30,23,16,1.5,0.4,0.01,35,20,8,15,3.65,13,,88,,8,0.2,,0.5,,0.52,,
4681,Lakes  & Tanks,"Phakal Cheruvu, Narsampet, Warangal District",Warangal Rural,5.2,8.46,1102,1.2,4.5,,Less than 1.8,46,Less than 1.8,,,,3.6,20,240,148,16,1.5,0.4,0.07,260,150,60,110,26.73,92,,688,,9,0.2,,0.5,,0.44,,
4682,Lakes  & Tanks,"Bandam Cheruvu, Near NIT Warangal, Hanamkonda",Warangal,2.8,7.93,439,5,2.6,,2,280,Less than 1.8,,,,2.3,5,105,51,52,2.8,1.84,0.09,110,60,24,50,12.15,64,,264,,8,0.33,,0.5,,0.48,,
4688,Lakes  & Tanks,"Narinja Lake, Kothur-B (V), Zaheerabad (M), Sangareddy",Sangareddy,6.6,8.43,672,3.2,14,0.11,2,43,1.8,,,,4,24,160,81,38,38,BDL,0.01,200,125,50,75,18,20,15,390,250,8,,0.04,0.5,3,0.3,16.88,0.4
1391,Lakes  & Tanks,"Hussain sagar Lake, Domalguda (V), Hyderabad",Hyderabad,0.3,7.98,1205,6,4.6,,41,540,5.5,,,,8.9,5,280,169,60,5.6,3.16,0.17,300,170,68,130,31.59,106,,734,,20,2.64,,0.5,,0.75,,
3071,Lakes  & Tanks,"Langarhouse Tank, Golconda (V&M) ,Hyderabad (D)",Hyderabad,0.3,7.32,1435,12,5.3,,20,540,8.2,,,,12.4,5,325,184,116,7,3.08,0.04,350,160,64,190,46.17,115,,888,,32,2.84,,0.5,,0.89,,
2341,Lakes  & Tanks,"Miralam tank, Bahadurpura (M), Hyderabad",Hyderabad,0.3,7.19,1435,10,5.2,,14,540,4,,,,20.8,5,320,191,100,8.4,2.62,0.03,340,185,74,155,37.66,118,,904,,46,2.95,,0.5,,0.94,,
3073,Lakes  & Tanks,"Hasmathpet lake, Hasmathpet",Medchal Malkajgiri,0.3,7.95,1014,8,3.6,,14,430,3.6,,,,20.6,5,220,158,72,7,2.38,0.01,240,135,54,105,25.52,98,,618,,28,2.64,,0.5,,0.99,,
3072,Lakes  & Tanks,"Safilguda lake, Medchal",Medchal Malkajgiri,0.3,7.31,1645,12,5.2,,17,540,4,,,,12.4,5,395,174,139,8.4,1.36,0.02,405,210,84,195,47.38,98,,986,,36,2.89,,0.5,,1.02,,
3075,Lakes  & Tanks,"Rangadhamini Kunta, Kukatpally(V&M), Medchal - Malkajgiri (D)",Medchal Malkajgiri,0.3,7.25,1515,12,5,,24,540,4,,,,12.8,5,360,168,123,7,1.28,0.01,375,190,76,185,44.95,102,,924,,94,2.59,,0.61,,0.95,,
3076,Lakes  & Tanks,"Amber cheruvu, Kukatpally (V & M), Medchal- malkajigiri",Medchal Malkajgiri,0.3,7.4,1036,10,3.4,,27,540,6,,,,16,5,250,123,112,8.4,3.06,0.04,365,140,56,225,54.67,75,,632,,37,2.32,,0.5,,0.82,,
3077,Lakes  & Tanks,"Kapra cheruvu, Kapra (V), Keesara (M)",Medchal Malkajgiri,1.8,8.2,974,5,3.2,,6.1,350,1.8,,,,8,10,225,127,48,4.2,0.64,0.06,240,135,54,105,25.52,79,,594,,16,1.31,,0.5,,0.78,,
2357,Lakes  & Tanks,"Durgam cheruvu , Raidurg (V), Serilingampally (M), Rangareddy (D)",RR-shamshabad,1.3,7.3,814,5.6,3,,6.1,430,2,,,,9,5,145,115,52,5.6,0.59,0.01,160,85,34,75,18.22,71,,480,,18,1.26,,0.5,,0.73,,
2344,Lakes  & Tanks,"Nalla cheruvu, Uppal (V & M), Medchal District",Medchal Malkajgiri,0.3,7.28,1648,10,4.8,,24,920,10,,,,12,5,365,203,92,11.2,3.96,0.05,390,190,76,200,48.6,126,,988,,32,2.97,,0.6,,0.95,,
2359,Lakes  & Tanks,"Pedda Cheruvu, Nacharam (V), Uppal (M), Medchal District",Medchal Malkajgiri,0.3,7.44,1516,12,4.8,,26,540,6.1,,,,15,5,360,157,123,9.8,1.56,0.03,380,175,70,205,49.81,97,,924,,21,2.25,,0.5,,0.99,,
2342,Lakes  & Tanks,"Noor Md. Kunta, Shamshabad",RR-shamshabad,0.3,7.26,1973,14,5.6,,14,540,6.1,,,,13,5,510,254,183,11.2,3.68,0.04,525,265,106,260,63.18,164,,1224,,27,3.12,,0.5,,1.06,,
3070,Lakes  & Tanks,"Fox sagar, Jeedimetla (V), Qutubullapur (M), Medchal Malkajgiri (D)",Medchal Malkajgiri,2.2,7.18,1136,5.4,4,,12,430,3.6,,,,9.2,5,270,164,60,5.6,0.68,0.01,280,170,68,110,26.73,104,,692,,16,2.27,,0.5,,0.92,,
3074,Lakes  & Tanks,"Banjara Lake (Anantagani kunta), Banjara Hills, Hyderabad",Hyderabad,0.3,7.1,1255,8,4.2,,24,540,6.1,,,,10.4,5,310,152,84,8.4,2.96,0.02,320,175,70,145,35.23,95,,778,,112,2.34,,0.5,,0.96,,
4224,Lakes  & Tanks,"Yadadri temple- Koneru, Yadadrigutta (V&M), Yadadri bhuvanagiri(D)",Yadadri Bhuvangiri,Note:- Station Code  - 4224 - Koneru of Yadagiri Gutta Temple water sample could not be collected due to Koneru is under construction.,,,,,,,,,,,,,,,,,,,,,,,,,,,,,,,,,,,,
4236,Lakes  & Tanks,"Pedda Cheruvu (Nacharam cheruvu), Uppal",Ranga Reddy,Station code:2359 & 4236 both the stations are same,,,,,,,,,,,,,,,,,,,,,,,,,,,,,,,,,,,,
3086,Lakes  & Tanks,"Saki Tank, Patancheru (V & M), Sangareddy District",Sangareddy,7.1,8.38,818,3.6,22,0.08,6.1,43,5.5,,,,4,28,155,96,40,36,BDL,0.01,210,130,52,80,19,58,39,502,336,7,,0.1,0.5,3,0.28,33.7,1.03
4237,Lakes  & Tanks,"Mundla Katwa,Moosapet(V), Kukatpally (M),Medchal - Malkajgiri (D)",RR-shamshabad,0.3,7.23,1337,8,4.6,,25,540,4,,,,8,5,315,157,90,5.6,1.72,0.02,330,160,64,170,41.31,98,,828,,164,1.92,,0.5,,0.95,,
4667,Lakes  & Tanks,"Surram Cheruvu (Palle Cheruvu), Bandlaguda (V), Bandlaguda (new mandal)",Hyderabad,0.3,7.46,1945,8,6.7,,21,540,5.5,,,,6.8,5,480,282,86,8.4,3.96,0.06,490,220,88,270,65.61,174,,1166,,18,2.65,,0.66,,1.1,,
4668,Lakes  & Tanks,"Chinnarayana Cheruvu, Alwal (V&M), Medchal- Malkajgiri (D)",Medchal Malkajgiri,0.3,7.47,1356,12,2.3,,17,430,4,,,,9.6,5,300,157,139,7,2.28,0.04,320,180,72,140,34.02,96,,828,,18,2.2,,0.5,,0.87,,
4669,Lakes  & Tanks,"Gangaram Pedda Cheruvu, Gangaram(V), Serlingampally (M), Rangareddy District",Rangareddy,Dried up,,,,,,,,,,,,,,,,,,,,,,,,,,,,,,,,,,,,
4671,Lakes  & Tanks,"Medi Kunta, Guttala begumpet (V), Serlingampally (M), Rangareddy District",Rangareddy,Dried up,,,,,,,,,,,,,,,,,,,,,,,,,,,,,,,,,,,,
4672,Lakes  & Tanks,"MediKunta , Nanakramguda (V), Serilingampally (M), Rangareddy District",Rangareddy,2,7.41,1052,5,3.8,,27,540,3.5,,,,11.2,5,250,137,40,7,0.84,0.01,264,135,54,129,31.35,80,,642,,29,1.12,,0.5,,0.74,,
4673,Lakes  & Tanks,"Meedi Kunta (BK Enclave lake), Madeenaguda (V), Serlingampally (M), Rangareddy District",Rangareddy,Dried up,,,,,,,,,,,,,,,,,,,,,,,,,,,,,,,,,,,,
4674,Lakes  & Tanks,"Meedi Kunta, Hafeezpet (V), Serlingampally (M), Rangareddy District",Rangareddy,4.2,6.96,646,3,2.2,,6.8,430,1.8,,,,10,5,120,96,28,4.2,0.84,0.0,140,75,30,85,15.79,56,,380,,12,0.46,,0.5,,0.54,,
4676,Lakes  & Tanks,"Banda Cheruvu, Malkajigiri (V),Malkajigiri (M), Medchal- Malkajgiri (D)",Medchal Malkajgiri,0.3,7.16,1479,12,3.2,,21,430,5.5,,,,13,5,315,174,135,5.6,3.72,0.06,375,205,82,170,41.31,98,,916,,26,2.92,,0.6,,1.04,,
4677,Lakes  & Tanks,"Lingam Cheruvu, Suraram (V), Quthubullapur(M), Medchal-Malkajgiri District",Medchal Malkajgiri,0.3,7.39,1747,12,4.8,,21,540,4,,,,12.4,5,385,225,139,8.4,3.54,0.04,425,220,88,205,49.81,138,,1084,,27,3.28,,0.5,,1.05,,
4678,Lakes  & Tanks,"Patel Cheruvu, Nacharam (V), Uppal (new Mandal), Medchal- malkajigiri",Rangareddy,0.3,7.69,1392,14,4.2,,31,540,9.2,,,,21.8,5,310,154,147,8.4,2.36,0.06,320,175,70,145,35.23,95,,864,,64,2.36,,0.5,,0.79,,
4679,Lakes  & Tanks,"Bomrukud-Dowla Lake(HUDA Park Lake ), Bumruknudowla (V), Rajendranagar (M), Rangareddy (D)",Rangareddy,0.3,7.64,2474,16,6.2,,17,540,8.3,,,,9,5,595,365,177,11.2,3.98,0.1,630,305,122,325,78.97,226,,1558,,22,3.28,,0.5,,1.06,,
4683,Lakes  & Tanks,"Pedda Cheruvu, Madikonda (V), Khazipet (M), Hanumakonda, Warangal",Warangal,3.8,7.31,543,3.6,3.1,,2,220,Less than 1.8,,,,4.3,5,125,62,36,2.8,0.54,0.01,135,85,34,50,12.15,38,,332,,11,0.33,,0.5,,0.55,,
4684,Lakes  & Tanks,"Campus Lake, ICRISAT, Kachireddi Pally (V), Ramachandrapuram (M),Sangareddy District",Sangareddy,6.6,8.24,704,4.8,13,0.11,6,84,5.5,,,,5,20,120,72,52,21,BDL,0.01,170,110,44,60,15,36,14,390,280,8,,0.18,0.5,2,0.42,18.12,0.4
4685,Lakes  & Tanks,"Surisigal Lake, ICRISAT, Ramachandrapuram (V&M), Sangareddy District",Sangareddy,5.9,8.32,998,3.6,21,0.15,6,110,4.5,,,,2.9,44,170,106,40,38,BDL,0.01,275,175,70,100,24,77,29,610,390,4,,0.1,0.5,3,0.39,22.42,0.66
4686,Lakes  & Tanks,"ICRISAT Lake,ICRISAT, Manmole (V), Ramachandrapuram (M), Sangareddy District",Sangareddy,6.2,8.08,935,4,20,0.16,7.8,94,6.1,,,,3.5,32,185,91,44,42,BDL,0.01,235,140,56,95,23,44,20,520,380,5,,0.15,0.5,3,0.2,19.29,0.51
4687,Lakes  & Tanks,"Red Lake, ICRISAT, Ramachandrapuram (M), Sangareddy District",Sangareddy,5.2,7.92,1202,5.2,33,0.12,8.3,120,6,,,,4.6,36,175,192,60,68,BDL,0.01,405,260,104,145,35,65,21,740,518,8,,0.19,0.5,4,0.3,12.44,0.39
4689,Lakes  & Tanks,"Sunnam Kunta, Jubille Hills, Hyderabad",Hyderabad,0.3,7.01,456,9,2.8,,6.1,220,Less than 1.8,,,,9.8,5,105,61,82,2.8,0.4,0.0,110,60,24,50,12.15,36,,268,,22,0.58,,0.56,,0.62,,
4690,Lakes  & Tanks,"Banjara Kunta (Singadi Kunta), Shaikpet (V&M), Hyderabad (D)",Hyderabad,0.3,7.23,948,9,3.6,,10,350,1.8,,,,15.6,5,195,149,86,4.2,1.12,0.01,215,120,48,95,23.09,92,,586,,28,1.84,,0.61,,0.99,,
4691,Lakes  & Tanks,"Nagole Cheruvu, Uppal, Medchal - Malkajgiri District",RR-shamshabad,0.3,7.24,1399,14,4.4,,38,540,8.2,,,,18,5,320,162,143,8.4,1.24,0.01,335,140,56,195,47.38,98,,838,,47,2.82,,0.6,,0.89,,
4692,Lakes  & Tanks,"Ramanthapur Pedda Cheruvu, Ramanthapur, Medchal - Malkajgiri District",Medchal Malkajgiri,0.3,7.01,1042,14,3.6,,14,430,3.5,,,,24,5,225,159,171,5.6,1.68,0.01,250,130,52,120,29.16,99,,636,,52,2.97,,0.5,,0.83,,
4693,Lakes  & Tanks,"Patel Cheruvu, Madinaguda(V), Serlingampally (M), Rangareddy (D)",Medchal Malkajgiri,DRIED UP,,,,,,,,,,,,,,,,,,,,,,,,,,,,,,,,,,,,
4694,Lakes  & Tanks,Mundla Katwa Lake,Medchal Malkajgiri,Mundla Katwa Lake - 4237 Sample was same as Mullakatwa Cheruvu Sample,,,,,,,,,,,,,,,,,,,,,,,,,,,,,,,,,,,,
4695,Lakes  & Tanks,"Khaja Kunta, Kukatpally (V&M), Medchal-Malkajgiri (D)",Medchal Malkajgiri,Lake sample was not collected as lake was under maintainanace,,,,,,,,,,,,,,,,,,,,,,,,,,,,,,,,,,,,
4696,Lakes  & Tanks,"Parki Cheruvu, Kukatpally (V&M), Medchal-Malkajgiri (D)",Medchal Malkajgiri,0.3,7.14,1619,12,4,,17,430,12,,,,10.8,5,320,204,123,7,2.86,0.02,390,195,78,195,47.38,128,,1004,,22,3.46,,0.5,,0.96,,
4697,Lakes  & Tanks,"Mukkidi Cheruvu, Malkajigri (V&M), Medchal-Malkajgiri (D)",Medchal Malkajgiri,Lake sample was not collected as lake was under maintainanace,,,,,,,,,,,,,,,,,,,,,,,,,,,,,,,,,,,,
4698,Lakes  & Tanks,"Mannevari Kunta, Machabollaram (V), Alwal (M), Medchal-Malkajgiri (D)",Medchal Malkajgiri,0.3,7.5,1741,12,3.7,,20,540,5.5,,,,7.4,5,410,218,125,7,1.62,0.03,445,240,96,205,49.81,124,,1062,,14,3.48,,0.5,,1.02,,
4699,Lakes  & Tanks,"Kaprai Cheruvu, Sahebnagar, Hayathnagar,Rangareddy District",RR-shamshabad,2.6,7.42,632,4.8,2.8,,20,280,2,,,,8,5,170,84,60,4.2,0.82,0.01,180,85,34,95,23.09,48,,398,,17,0.96,,0.5,,0.72,,
4700,Lakes  & Tanks,"Large tank,/ Saroornagar, Rangareddy District.",RR-shamshabad,Saroornagar Lake -1788 Sample was same  as  Large Tank sample -4700.,,,,,,,,,,,,,,,,,,,,,,,,,,,,,,,,,,,,
4701,Lakes  & Tanks,"Lingam Kunta, Chandanagar (V), Serlingampally(M), Ranga Reddy (D).",Rangareddy,0.3,7.13,1401,14,4.2,,21,540,5.6,,,,23.2,5,340,167,153,7,1.42,0.01,360,185,74,175,42.52,108,,882,,62,2.94,,0.5,,0.83,,
4702,Lakes  & Tanks,"Pedda Cheruvu, Khajaguda (V), Serlingampally(M), Ranga Reddy District",Rangareddy,3.9,7.98,1806,50,,,22,210,,,,,58,8,584,207,212,,41,2.41,340,184,74,156,38,15,163,969,584,56,12,,,22,,49,3.8
4703,Lakes  & Tanks,"Bulbul Kunta, Laxmiguda, Rajendranagar (M), Rangareddy District",Rangareddy,Lake sample was not collected Due to In accessablty.,,,,,,,,,,,,,,,,,,,,,,,,,,,,,,,,,,,,
4704,Lakes  & Tanks,"PeddaCheruvu, Mansoorabad (V), Saroornagar(M), Rangareddy (D)",Rangareddy,0.3,7.49,844,10,3.6,,14,280,4,,,,21,5,205,98,104,4.2,0.93,0.02,210,125,50,85,20.66,58,,514,,54,2.11,,0.5,,0.79,,
4705,Lakes  & Tanks,"Kotta Cheruvu, Alwal (V & M),Medchal-Malkajgiri (D)",Medchal Malkajgiri,0.3,6.95,1739,10,3.6,,14,540,5.5,,,,11.2,5,420,208,111,8.4,2.68,0.01,430,215,86,215,52.24,120,,1060,,22,3.78,,0.5,,0.99,,
5029,Lakes  & Tanks,"Mohini Cheruvu, Ramanthapur (V), Uppal(M), Medchal-Malkajgiri (D)",Hyderabad,0.3,7.74,1762,8,5.6,,21,540,8.3,,,,7.2,5,360,280,82,7,2.24,0.07,455,280,112,175,42.52,184,,1110,,11,3.16,,0.5,,1.06,,
5030,Lakes  & Tanks,"Naya Qilla Talab, Golkonda (V&M), Hyderabad (D)",Hyderabad,2.1,7.68,1250,4,3.8,,12,540,4,,,,5.6,5,290,164,39,7,0.17,0.0,255,105,42,150,36.45,99,,786,,12,2.29,,0.6,,0.83,,
5031,Lakes  & Tanks,"Yerra Kunta, Shaikpet(V&M), Hyderabad (D)",Hyderabad,0.3,6.74,811,8,2.9,,6.1,430,3.6,,,,12.3,5,160,107,82,5.6,1.24,0.0,186,95,38,91,22.11,63,,478,,32,2.86,,0.66,,0.92,,
5032,Lakes  & Tanks,"Kotha Cheruvu, Shaikpet(V&M), Hyderabad (D)",Hyderabad,0.3,7.41,1472,12,4.2,,14,540,6.1,,,,12.3,5,365,149,157,7,2.16,0.03,385,195,78,190,46.17,91,,912,,33,2.89,,0.5,,0.86,,
5033,Lakes  & Tanks,"Shahatam Cheruvu, Shaikpet(V&M), Hyderabad (D)",Hyderabad,0.9,7.22,1324,5.2,3.92,,10,430,1.8,,,,11.8,5,310,154,59,5.6,1.16,0.01,350,180,72,170,41.31,94,,820,,26,2.64,,0.5,,0.89,,
5034,Lakes  & Tanks,"Shikari Kunta, Hakeempet(V), Shaikpet(M), Hyderabad (D)",Hyderabad,1.2,7.16,1016,5.4,3.9,,12,430,4,,,,8.6,5,225,123,55,5.6,1.34,0.01,250,180,72,70,17.01,73,,606,,17,1.86,,0.6,,0.73,,
5035,Lakes  & Tanks,"Bathur Kunta, Shaikpet(V&M), Hyderabad (D)",Hyderabad,0.3,7.33,1100,10,3.8,,14,540,4,,,,7.2,5,250,137,118,7,1.68,0.02,270,180,72,90,21.87,81,,672,,14,3.8,,0.5,,0.98,,
5036,Lakes  & Tanks,"Ramanna cheruvu, Boinpally(V), Tirumalagiri(M), Hyderabad (D)",Medchal Malkajgiri,0.3,6.68,1332,6,2.2,,20,540,6.1,,,,24,5,310,196,54,5.6,0.96,0.0,325,160,64,165,40.09,118,,826,,42,2.74,,0.5,,0.89,,
5037,Lakes  & Tanks,"Tirumalagiri Tank, Tirumalagiri(V & M), Hyderabad (D)",Medchal Malkajgiri,0.3,6.92,1246,8,1.8,,12,430,3.6,,,,8.6,5,305,168,98,7,2.08,0.01,320,185,74,135,32.8,104,,784,,13,3.06,,0.5,,1.04,,
5038,Lakes  & Tanks,"Salkam Cheruvu , Bandlaguda(kalsa) (V), Bandlaguda (M), Hyderabad (D)",Hyderabad,0.3,7.19,1800,6.2,6.4,,24,540,8.3,,,,8.2,5,380,265,78,7,2.96,0.03,425,225,90,200,48.6,166,,1098,,16,3.04,,0.62,,0.97,,
5039,Lakes  & Tanks,"DMRL Lake, Kanchanbagh, Chandrayanguda (M), Hyderabad (D)",Hyderabad,2.8,7.18,1439,5,5.2,,20,430,3.6,,,,12.4,5,320,218,47,5.6,1.94,0.02,335,175,70,160,38.88,116,,878,,20,2.73,,0.5,,0.99,,
5040,Lakes  & Tanks,"Bandlaguda Cheruvu, Nagole (V), Uppal (M), Medchal (D)",Medchal Malkajgiri,0.3,6.99,1389,6.2,4.2,,34,430,11,,,,24,5,330,149,68,8.4,2.94,0.02,350,160,64,190,46.17,86,,862,,61,2.26,,0.5,,0.82,,
5041,Lakes  & Tanks,"Pathulguda Cheruvu, Pathulguda (V), Saroornagar (M), Rangareddy (D)",Medchal Malkajgiri,0.3,7.94,1291,8,4.2,,24,430,2,,,,16,5,315,159,96,5.6,1.48,0.07,330,145,58,185,44.95,90,,788,,32,2.14,,0.5,,0.76,,
5042,Lakes  & Tanks,"Yellamma Cheruvu,Kukatpally(V&M), Medchal Malkajgiri(D)",Medchal Malkajgiri,0.3,7.05,1508,14,4.2,,26,540,9.1,,,,26.3,5,325,191,171,5.6,1.34,0.01,360,180,72,180,43.74,121,,920,,76,2.89,,0.5,,0.98,,
5043,Lakes  & Tanks,"Mysamma Cheruvu, Kukatpally(V&M), Medchal Malkajgiri(D)",Medchal Malkajgiri,0.3,6.25,1457,10,3.9,,21,430,6.1,,,,28.5,5,325,203,103,7,2.96,0.0,340,185,74,155,37.66,124,,904,,92,3.46,,0.5,,0.89,,
5044,Lakes  & Tanks,"Sudalavani Kunta (Sunnam Cheruvu), Allahpur(V), Borabanda(M),Medchal Malkajgiri(D)",Medchal Malkajgiri,0.3,7.7,1497,10,4.8,,9.1,430,3.7,,,,12.4,5,360,176,120,4.2,1.42,0.0,385,180,72,205,49.81,110,,989,,36,2.46,,0.5,,0.72,,
5045,Lakes  & Tanks,"Mothkula Kunta, MachaBollaram(V),Alwal (M), Medchal Malkajgiri(D)",Medchal Malkajgiri,0.3,7.04,1405,12,3.1,,21,430,4,,,,8.2,5,320,176,133,5.6,1.08,0.01,345,180,72,165,40.09,108,,872,,17,3.16,,0.5,,0.98,,
5046,Lakes  & Tanks,"Chintal Cheruvu, Gajularamaram(V), Quthbullapur(M), Medchal Malkajgiri(D)",Medchal Malkajgiri,0.3,7.51,644,8,2.6,,10,350,1.8,,,,14.2,5,130,86,84,4.2,0.78,0.01,150,80,32,70,17.01,44,,398,,22,1.14,,0.5,,0.74,,
5047,Lakes  & Tanks,"Mahaboob kunta , Suraram(V), Quthbullapur(M), Medchal Malkajgiri(D)",Medchal Malkajgiri,0.3,7.31,838,8,3.4,,14,350,3.6,,,,8.2,5,200,98,99,7,1.18,0.01,210,120,48,90,21.87,58,,512,,17,1.58,,0.5,,1.02,,
5048,Lakes  & Tanks,"Bandam Kunta, Gajularamaram (V), Quthbullapur (M), Medchal Malkajgiri (D)",Medchal Malkajgiri,Lake Sample were not collected as there was no access to collect sample,,,,,,,,,,,,,,,,,,,,,,,,,,,,,,,,,,,,
5049,Lakes  & Tanks,"Meddela Kunta, Gajularamaram(V), Quthbullapur(M), Medchal Malkajgiri(D)",Medchal Malkajgiri,0.3,6.99,1023,12,3.6,,12,430,5.6,,,,15.6,5,220,120,119,5.6,0.94,0.01,240,140,56,100,24.3,77,,634,,36,2.35,,0.5,,1.1,,
5050,Lakes  & Tanks,"Venna Cheruvu, Jeedimetla(V), Quthbullapur(M), Medchal Malkajgiri(D)",Medchal Malkajgiri,0.3,7.09,1428,10,3.8,,21,430,6,,,,16.3,5,305,169,115,8.4,2.84,0.02,336,165,66,171,41.55,105,,872,,32,3.18,,0.5,,0.94,,
5051,Lakes  & Tanks,"Chinna Bandham, Suraram(V), Quthbullapur(M), Medchal Malkajgiri(D)",Medchal Malkajgiri,0.3,7.02,1614,20,4.8,,27,540,8.1,,,,7.6,5,340,196,222,8.4,2.12,0.03,360,195,78,165,40.09,118,,968,,14,3.42,,0.5,,1.06,,
5052,Lakes  & Tanks,"Bakshi Kunta, Chandanagar(V), Sherilingampally(M), Ranga Reddy(D)",Medchal Malkajgiri,0.3,6.89,1123,12,3.8,,17,540,3.6,,,,17.6,5,225,184,149,5.6,1.92,0.01,295,130,52,165,40.09,116,,696,,54,2.47,,0.61,,0.95,,
5053,Lakes  & Tanks,"Ramamma Kunta , Gachibowli (V), Sherilingampally(M), Ranga Reddy (D)",Medchal Malkajgiri,0.3,7.66,1030,6,3.4,,8.1,350,2,,,,8.8,5,240,127,63,4.2,1.08,0.03,255,185,74,70,17.01,82,,618,,12,2.35,,0.64,,0.93,,
5054,Lakes  & Tanks,"Komati Kunta, Gopanpally (V), Sherilingampally (M), Ranga Reddy (D)",Medchal Malkajgiri,0.3,8.16,939,12,3.2,,13,430,3.6,,,,11.2,5,205,130,161,5.6,0.86,0.07,220,125,50,95,23.09,81,,572,,28,2.23,,0.5,,0.85,0,0
5055,Lakes  & Tanks,"Chinna Pedda cheruvu, Gopanpally(V), Sherilingampally(M), Ranga Reddy(D)",Medchal Malkajgiri,0.3,7.82,624,6.2,2.9,,14,350,3.6,,,,6.8,5,140,91,74,2.8,0.58,0.02,155,75,30,80,19.44,53,,386,,22,2.83,,0.5,,0.69,,
5056,Lakes  & Tanks,"Nayanamma Kunta (Baspalli Cheruvu), Hafeezpet (V), Sherilingampally (M), Ranga Reddy (D)",Medchal Malkajgiri,Dried Up,,,,,,,,,,,,,,,,,,,,,,,,,,,,,,,,,,,,
5057,Lakes  & Tanks,"Kudi Kunta (Gauthami Lake), Kondapur(V), Sherilingampally(M), Ranga Reddy(D)",Medchal Malkajgiri,0.3,7.08,1530,12,4.9,,17,540,6,,,,21.8,5,325,198,125,7,0.98,0.01,380,175,70,205,49.81,126,,948,,76,2.99,,0.5,,0.78,,
5058,Lakes  & Tanks,"Regula Kunta, Miyapur (V), Sherilingampally (M), Ranga Reddy (D)",Medchal Malkajgiri,0.3,7.26,1080,9,4.4,,17,430,7.1,,,,11.2,5,270,120,86,5.6,0.88,0.01,280,195,78,85,20.66,71,,668,,33,2.83,,0.5,,0.99,,
5059,Lakes  & Tanks,"Gopi Cheruvu, Lingampally(V), Sherilingampally(M), Ranga Reddy(D)",Medchal Malkajgiri,0.3,7.34,1441,10,4.5,,21,540,10,,,,28,5,360,181,117,7,2.08,0.03,370,190,76,180,43.74,115,,892,,54,2.66,,0.66,,0.97,,
5060,Lakes  & Tanks,"Chakalavani Cheruvu , Lingampally(V), Sherilingampally(M), Ranga Reddy(D)",Medchal Malkajgiri,0.3,7.28,1416,8,4.6,,17,430,6.1,,,,21.6,5,325,179,94,5.6,1.28,0.01,360,195,78,165,40.09,110,,866,,48,2.49,,0.5,,1.02,,
5061,Lakes  & Tanks,"Peddakudi Cheruvu, Maqta Mahboobpet(V), Sherilingampally(M), Ranga Reddy(D)",Medchal Malkajgiri,0.3,7.21,1050,10,4.2,,8.3,430,6,,,,14.6,5,250,127,102,7,2.34,0.02,265,145,58,120,29.16,80,,640,,36,2.25,,0.5,,0.87,,
5062,Lakes  & Tanks,"Gurunath Cheruvu, Miyapur (V), Sherilingampally(M), Ranga Reddy (D)",Medchal Malkajgiri,0.3,7.09,816,16,3.4,,8.1,350,3.6,,,,10.4,5,190,91,176,4.2,0.98,0.01,205,110,44,95,23.09,76,,490,,44,1.85,,0.61,,0.98,,
5063,Lakes  & Tanks,"Nanakram Kunta, Nanakramguda(V), Sherilingampally(M), Ranga Reddy (D)",Medchal Malkajgiri,Dried Up,,,,,,,,,,,,,,,,,,,,,,,,,,,,,,,,,,,,
5111,Lakes  & Tanks,"Nagiraddy Kunta(Yapral Cheruvu), Alwal (V&M), Medchal- Malkajgiri(D)",Medchal Malkajgiri,0.3,7.16,1906,8,4.8,,21,430,5.5,,,,9.2,5,460,272,86,8.4,2.84,0.02,490,240,96,250,60.75,164,,1182,,19,3.42,,0.5,,0.95,,
5112,Lakes  & Tanks,"Kamuni Cheruvu, Moosapet (V), Kukatpally (M),Medchal- Malkajgiri (D)",Medchal Malkajgiri,0.3,6.92,1246,8,1.8,,12,430,3.6,,,,8.6,5,295,181,98,7,2.08,0.01,320,175,70,145,35.23,110,,784,,13,3.06,,0.5,,1.04,,
5113,Lakes  & Tanks,"Chinna Cheruvu, Ramanthapur (V), Uppal (M),Medchal- Malkajgiri (D)",Medchal Malkajgiri,0.3,7.3,1042,9,3.8,,27,540,10,,,,22,5,235,154,88,5.6,1.88,0.02,265,145,58,120,29.16,93,,658,,58,2.36,,0.5,,0.77,,
5114,Lakes  & Tanks,"Shanthisaravor Pond, Gachibowli (V), Serlingampally (M), Rangareddy (D)",Rangareddy ,DRIED UP,,,,,,,,,,,,,,,,,,,,,,,,,,,,,,,,,,,,
5115,Lakes  & Tanks,"Rajmahamad Kunta-Maska Kunta, Izzathnagar (V), Serilingampally (M), Rangareddy (D).",Rangareddy ,DRIED UP,,,,,,,,,,,,,,,,,,,,,,,,,,,,,,,,,,,,
5116,Lakes  & Tanks,"Kotha Cheruvu (Novatel Lake), Khanamet (V), Serilingampally (M), Rangareddy(D)",Rangareddy ,0.3,8.11,1230,8,4.6,,9.2,430,4,,,,16,5,275,172,86,5.6,2.18,0.15,318,160,64,158,38.39,94,,774,,20,2.45,,0.5,,0.86,,
5117,Lakes  & Tanks,"Masid Banda Lake, Kondapur, Serilingampally, Rangareddy District",Rangareddy ,Sample was not submitted by RO.,,,,,,,,,,,,,,,,,,,,,,,,,,,,,,,,,,,,
5118,Lakes  & Tanks,"Kotha Kunta, Hafeezpet (V), Shaikpet (M), Rangareddy (D)",Rangareddy ,DRIED UP,,,,,,,,,,,,,,,,,,,,,,,,,,,,,,,,,,,,
5119,Lakes  & Tanks,"Kaidamma Kunta, Hafeezpet (V), Serilingampally (M), Rangareddy (D)",Rangareddy ,0.3,7.37,1609,20,4.8,,17,540,8.1,,,,18.6,5,390,189,286,8.4,2.64,0.03,410,220,88,190,46.17,116,,984,,52,3.16,,0.5,,1.04,,
5120,Lakes  & Tanks,"Thammidi Kunta, Khanapet (V), Serlingampally (M), Rangareddy (D)",Rangareddy ,0.3,7.27,1160,8,3.8,,14,540,6.1,,,,11,5,275,162,82,7,2.26,0.03,296,165,66,131,31.83,94,,720,,17,2.57,,0.5,,0.82,,
5121,Lakes  & Tanks,"Pale Cheruvu, Katedhan (V), Rajendranagar (M), Rangareddy (D)",Rangareddy,0.3,7.22,1528,12,4.6,,24,540,4,,,,16,5,350,203,139,9.8,2.68,0.03,372,185,74,187,45.44,124,,964,,30,2.65,,0.5,,1.02,,
5122,Lakes  & Tanks,"Mulaguard Lake, Katedan, Rajendranagar, Rangareddy District",Rangareddy,0.3,7.61,2799,12,6.4,,31,540,13,,,,11,5,680,398,143,11.2,3.54,0.09,720,340,136,380,92.34,246,,1764,,16,3.42,,0.5,,1.04,,
5123,Lakes  & Tanks,"Pedda Cheruvu, Ibrahimbagh, Gandipet",Rangareddy,station code : 4228 & 5123 are same,,,,,,,,,,,,,,,,,,,,,,,,,,,,,,,,,,,,
5124,Lakes  & Tanks,"TCS Energy Park Lake,Gachibowli(V), Serilingampally (M), Rangareddy (D)",Rangareddy ,4.8,7.63,786,2.4,3.4,,Less than 1.8,210,Less than 1.8,,,,12,5,160,115,20,1.5,0.4,0.01,185,105,42,80,19.44,74,,480,,28,0.69,,0.5,,0.56,,
5125,Lakes  & Tanks,"MondiKunta, Khanamet (V), Serilingampally (M), Rangareddy (D)",Rangareddy ,DRIED UP,,,,,,,,,,,,,,,,,,,,,,,,,,,,,,,,,,,,
5126,Lakes  & Tanks,"Bathula Kunta, Anmagal (V), Hayathnagar (M), Rangareddy (D)",Rangareddy,0.3,7.45,1610,12,5.4,,27,540,11,,,,23,5,370,216,143,8.4,2.76,0.05,390,210,84,180,43.74,134,,998,,42,2.94,,0.5,,0.98,,
5127,Lakes  & Tanks,"Kummari Kunta, Anmagal (V), Hayathnagar (M), Rangareddy (D)",Rangareddy,0.3,7.69,1515,12,5.2,,14,430,4,,,,16,5,420,189,159,7,1.94,0.06,445,235,94,210,51.03,116,,924,,33,2.49,,0.5,,0.94,,
5128,Lakes  & Tanks,"Palle Cheruvu, Mailardev Pally (V), Rajendranagar (M), Rangareddy (D)",Rangareddy,0.3,7.1,1840,6.2,4.8,,31,540,12,,,,24,5,460,255,68,9.8,2.69,0.02,480,255,102,225,54.67,148,,1122,,62,3.14,,0.62,,1.02,,
5129,Lakes  & Tanks,"Erra Kunta, Laxmiguda (V), Rajendranagar (M), Rangareddy (D)",Rangareddy,0.3,7.27,2017,12,5.8,,33,920,14,,,,23,5,460,282,136,11.2,2.68,0.03,495,230,92,265,64.39,164,,1230,,57,3.06,,0.66,,1.06,,
5130,Lakes  & Tanks,"Pathi Kunta, Budvel (V), Rajendranagar (M), Rangareddy (D)",Rangareddy,0.3,6.99,949,8,3.8,,10,430,3.6,,,,12,5,195,148,88,5.6,1.16,0.01,210,170,68,40,9.72,88,,588,,33,2.62,,0.5,,0.97,,
5131,Lakes  & Tanks,"Yellamma Cheruvu, Manikonda (V), Rajendra Nagar (M), Rangareddy (D)",Rangareddy ,0.3,7.44,1637,16,4.8,,24,430,5.6,,,,18.2,5,365,203,184,7,1.94,0.03,425,205,82,220,53.46,126,,1014,,76,2.26,,0.5,,0.89,,
5132,Lakes  & Tanks,"Malka Cheruvu, Raidurg (V), Serlingampally (M), Rangareddy (D)",Rangareddy ,3.8,7.22,1260,49,,,13,150,,,,,141,BDL,224,201,208,,5,0.05,228,124,50,104,25,83,114,740,4482,100,4,,,17,,50,3.3
5133,Lakes  & Tanks,"Chandana cheruvu, Jillelaguda (V), Rangareddy (D)",Rangareddy,0.3,7.86,1464,8,3.8,,24,540,12,,,,12,5,320,198,92,8.4,1.82,0.07,385,175,70,210,51.03,124,,908,,26,2.68,,0.5,,0.96,,
5134,Lakes  & Tanks,"Manthrala cheruvu, Meerpet (V), Rangareddy (D)",Rangareddy,0.3,7.49,1369,12,3.7,,17,430,6,,,,9.5,5,288,201,139,5.6,1.56,0.03,345,135,54,210,51.03,130,,836,,18,2.95,,0.61,,0.89,,
